{"Description":{"0":"Demand Deposits","1":"Savings Deposits","2":"Time Deposits","3":"Other Deposits","4":"Balances due to Head Office\/Affiliates\/Own Branches","5":"Balances due to Other Banks","6":"Certificates of Deposits","7":"Other Borrowings","8":"Net Inter-Branch Transactions","9":"Bills Payable","10":"Interest Payable","11":"Provisions (others)","12":"Capital","13":"Reserves","14":"Unutilized portion of Loans, Over drafts and cards","15":"Retained Earnings","16":"Subordinated Debts","17":"Repos and other derivatives instruments","18":"Other Liabilities","19":"Off-Balance Sheet Liability","20":"TOTAL LIABILITIES"},"Overnight":{"0":0.0,"1":0.0,"2":1739937874.1500000954,"3":0.0,"4":0.0,"5":0.0,"6":1511051.1399999999,"7":4800000000.0,"8":0.0,"9":0.0,"10":0.0,"11":0.0,"12":0.0,"13":0.0,"14":0.0,"15":0.0,"16":0.0,"17":0.0,"18":0.0,"19":0.0,"20":6541448925.2899999619},"Over Overnight and upto 1 month":{"0":0.0,"1":0.0,"2":8204221676.4200000763,"3":0.0,"4":0.0,"5":0.0,"6":123341663.7800000012,"7":2515763506.8499999046,"8":0.0,"9":0.0,"10":0.0,"11":0.0,"12":0.0,"13":0.0,"14":0.0,"15":0.0,"16":0.0,"17":0.0,"18":0.0,"19":0.0,"20":10843326847.0499992371},"Over 1 month and upto 3 months":{"0":0.0,"1":11199171937.2900009155,"2":1031058011.4900000095,"3":0.0,"4":0.0,"5":0.0,"6":78690000000.0,"7":0.0,"8":0.0,"9":0.0,"10":0.0,"11":0.0,"12":0.0,"13":0.0,"14":0.0,"15":0.0,"16":0.0,"17":0.0,"18":0.0,"19":0.0,"20":90920229948.7799987793},"Over 3 months and upto 6 months":{"0":0.0,"1":0.0,"2":1268833311.7000000477,"3":0.0,"4":0.0,"5":0.0,"6":36370728471.8000030518,"7":0.0,"8":0.0,"9":0.0,"10":0.0,"11":0.0,"12":0.0,"13":0.0,"14":0.0,"15":0.0,"16":0.0,"17":0.0,"18":0.0,"19":0.0,"20":37639561783.5},"Over 6 months and upto 9 months":{"0":0.0,"1":0.0,"2":5686572355.4600000381,"3":0.0,"4":0.0,"5":0.0,"6":120919741100.3000030518,"7":0.0,"8":0.0,"9":0.0,"10":0.0,"11":0.0,"12":0.0,"13":0.0,"14":0.0,"15":0.0,"16":0.0,"17":0.0,"18":0.0,"19":0.0,"20":126606313455.7599945068},"Over 9 months and upto 1 year":{"0":0.0,"1":0.0,"2":2908773929.0500001907,"3":0.0,"4":0.0,"5":0.0,"6":27208910393.9000015259,"7":0.0,"8":0.0,"9":0.0,"10":0.0,"11":0.0,"12":0.0,"13":0.0,"14":0.0,"15":0.0,"16":0.0,"17":0.0,"18":0.0,"19":0.0,"20":30117684322.9500007629},"Over 1 year and upto 1.5 year":{"0":0.0,"1":0.0,"2":2612051527.9099998474,"3":0.0,"4":0.0,"5":0.0,"6":0.0,"7":0.0,"8":0.0,"9":0.0,"10":0.0,"11":0.0,"12":0.0,"13":0.0,"14":0.0,"15":0.0,"16":0.0,"17":0.0,"18":0.0,"19":0.0,"20":2612051527.9099998474},"Over 1.5 year and upto 2 years":{"0":0.0,"1":0.0,"2":40992061.1899999976,"3":0.0,"4":0.0,"5":0.0,"6":0.0,"7":0.0,"8":0.0,"9":0.0,"10":0.0,"11":0.0,"12":0.0,"13":0.0,"14":0.0,"15":0.0,"16":0.0,"17":0.0,"18":0.0,"19":0.0,"20":40992061.1899999976},"Over 2 years and upto 3 years":{"0":0.0,"1":0.0,"2":45423203.9399999976,"3":0.0,"4":0.0,"5":0.0,"6":0.0,"7":0.0,"8":0.0,"9":0.0,"10":0.0,"11":0.0,"12":0.0,"13":0.0,"14":0.0,"15":0.0,"16":0.0,"17":0.0,"18":0.0,"19":0.0,"20":45423203.9399999976},"Over 3 years and upto 4 years":{"0":0.0,"1":0.0,"2":32347243.0399999991,"3":0.0,"4":0.0,"5":0.0,"6":0.0,"7":0.0,"8":0.0,"9":0.0,"10":0.0,"11":0.0,"12":0.0,"13":0.0,"14":0.0,"15":0.0,"16":0.0,"17":0.0,"18":0.0,"19":0.0,"20":32347243.0399999991},"Over 4 years and up to 5 years":{"0":0,"1":0,"2":0,"3":0,"4":0,"5":0,"6":0,"7":0,"8":0,"9":0,"10":0,"11":0,"12":0,"13":0,"14":0,"15":0,"16":0,"17":0,"18":0,"19":0,"20":0},"Over 5 years and upto 6 years":{"0":0,"1":0,"2":0,"3":0,"4":0,"5":0,"6":0,"7":0,"8":0,"9":0,"10":0,"11":0,"12":0,"13":0,"14":0,"15":0,"16":0,"17":0,"18":0,"19":0,"20":0},"Over 6 years and upto 7 years":{"0":0,"1":0,"2":0,"3":0,"4":0,"5":0,"6":0,"7":0,"8":0,"9":0,"10":0,"11":0,"12":0,"13":0,"14":0,"15":0,"16":0,"17":0,"18":0,"19":0,"20":0},"Over 7 years and upto 8 years":{"0":0,"1":0,"2":0,"3":0,"4":0,"5":0,"6":0,"7":0,"8":0,"9":0,"10":0,"11":0,"12":0,"13":0,"14":0,"15":0,"16":0,"17":0,"18":0,"19":0,"20":0},"Over 8 years and upto 9 years":{"0":0,"1":0,"2":0,"3":0,"4":0,"5":0,"6":0,"7":0,"8":0,"9":0,"10":0,"11":0,"12":0,"13":0,"14":0,"15":0,"16":0,"17":0,"18":0,"19":0,"20":0},"Over 9 years and upto 10 years":{"0":null,"1":null,"2":null,"3":null,"4":null,"5":null,"6":null,"7":null,"8":null,"9":null,"10":null,"11":null,"12":null,"13":null,"14":null,"15":null,"16":null,"17":null,"18":null,"19":null,"20":0.0},"Over 10 years and upto 15 years":{"0":null,"1":null,"2":null,"3":null,"4":null,"5":null,"6":null,"7":null,"8":null,"9":null,"10":null,"11":null,"12":null,"13":null,"14":null,"15":null,"16":null,"17":null,"18":null,"19":null,"20":0.0},"Over 15 years and upto 20 years":{"0":null,"1":null,"2":null,"3":null,"4":null,"5":null,"6":null,"7":null,"8":null,"9":null,"10":null,"11":null,"12":null,"13":null,"14":null,"15":null,"16":null,"17":null,"18":null,"19":null,"20":0.0},"Over 20 years":{"0":null,"1":null,"2":null,"3":null,"4":null,"5":null,"6":null,"7":null,"8":null,"9":null,"10":null,"11":null,"12":null,"13":null,"14":null,"15":null,"16":null,"17":null,"18":null,"19":null,"20":0.0},"Non-Sensitive":{"0":9633159489.9300003052,"1":0.0,"2":0.0,"3":8121258.0,"4":0.0,"5":0.0,"6":0.0,"7":0.0,"8":0.0,"9":0.0,"10":118715334757.8000030518,"11":0.0,"12":45000000000.0,"13":1978717500.0,"14":0.0,"15":10923784802.1100006104,"16":0.0,"17":0.0,"18":4778682786.279999733,"19":40000000.0,"20":191077800594.1199951172},"Total":{"0":9633159489.9300003052,"1":11199171937.2900009155,"2":23570211194.3499984741,"3":8121258.0,"4":0.0,"5":0.0,"6":263314232680.9200134277,"7":7315763506.8500003815,"8":0.0,"9":0.0,"10":118715334757.8000030518,"11":0.0,"12":45000000000.0,"13":1978717500.0,"14":0.0,"15":10923784802.1100006104,"16":0.0,"17":0.0,"18":4778682786.279999733,"19":40000000.0,"20":496477179913.5300292969},"Sensitive Total":{"0":0.0,"1":11199171937.2900009155,"2":23570211194.3499984741,"3":0.0,"4":0.0,"5":0.0,"6":263314232680.9200134277,"7":7315763506.8500003815,"8":0.0,"9":0.0,"10":0.0,"11":0.0,"12":0.0,"13":0.0,"14":0.0,"15":0.0,"16":0.0,"17":0.0,"18":0.0,"19":0.0,"20":305399379319.4099731445}}