{"Description":{"0":"Cash on hand","1":"Deposits with Central Banks","2":"Balances due from Other Banks","3":"Investments  (Principal Cashflow)","4":"Investments (Interest Cashflow)","5":"Bills of Exchange & Promisory Notes","6":"Overdrafts","7":"Loans & Advances (Principal Cashflow)","8":"Loans & Advances (Interest Cashflow)","9":"Non Performing Loans","10":"Fixed Assets","11":"Accrued Interest","12":"Other Assets","13":"Reverse Repo","14":"Swaps (Buy\/Sell) and bill discounted","15":"FRAs","16":"Futures","17":"Options","18":"Off-Balance Sheet Asset","19":"TOTAL ASSETS"},"Overnight":{"0":null,"1":0.0,"2":0.0,"3":0.0,"4":756000000.0,"5":308454793.3399999738,"6":5825530264.7700004578,"7":869252118.6967109442,"8":375000000.0,"9":0.0,"10":0.0,"11":0.0,"12":0.0,"13":0.0,"14":0.0,"15":0.0,"16":0.0,"17":0.0,"18":0.0,"19":8134237176.8067102432},"Over Overnight and upto 1 month":{"0":null,"1":0.0,"2":0.0,"3":0.0,"4":756000000.0,"5":634792617.3999999762,"6":8566956271.720000267,"7":875771509.586935997,"8":368480609.1097750068,"9":0.0,"10":0.0,"11":0.0,"12":0.0,"13":0.0,"14":0.0,"15":0.0,"16":0.0,"17":0.0,"18":0.0,"19":11202001007.8166999817},"Over 1 month and upto 3 months":{"0":null,"1":0.0,"2":71827135677.5599975586,"3":0.0,"4":1512000000.0,"5":10641307707.2600002289,"6":0.0,"7":1771297140.2869899273,"8":717207097.1064289808,"9":0.0,"10":0.0,"11":0.0,"12":0.0,"13":0.0,"14":0.0,"15":0.0,"16":0.0,"17":0.0,"18":0.0,"19":86468947622.213394165},"Over 3 months and upto 6 months":{"0":0.0,"1":0.0,"2":817135677.5599999428,"3":0.0,"4":2268000000.0,"5":12274651291.3199996948,"6":11308382278.6700000763,"7":2707075504.0628399849,"8":1025680852.0272899866,"9":0.0,"10":0.0,"11":0.0,"12":0.0,"13":0.0,"14":0.0,"15":0.0,"16":0.0,"17":0.0,"18":0.0,"19":30400925603.6400985718},"Over 6 months and upto 9 months":{"0":null,"1":0.0,"2":817135677.5599999428,"3":0.0,"4":2268000000.0,"5":13350726995.6599998474,"6":8566956271.720000267,"7":2768442663.9430499077,"8":964313692.1470849514,"9":10566343911.8400001526,"10":0.0,"11":0.0,"12":0.0,"13":0.0,"14":0.0,"15":0.0,"16":0.0,"17":0.0,"18":0.0,"19":39301919212.8701019287},"Over 9 months and upto 1 year":{"0":null,"1":0.0,"2":817135677.5599999428,"3":800000000.0,"4":2262000000.0,"5":164279986086.1099853516,"6":0.0,"7":2831200966.5180501938,"8":901555389.5720770359,"9":0.0,"10":0.0,"11":0.0,"12":0.0,"13":0.0,"14":0.0,"15":0.0,"16":0.0,"17":0.0,"18":0.0,"19":171891878119.7600097656},"Over 1 year and upto 1.5 year":{"0":null,"1":0.0,"2":3268542710.2300000191,"3":0.0,"4":4500000000.0,"5":21561700017.8199996948,"6":0.0,"7":5856399806.7008104324,"8":1609112905.4794499874,"9":0.0,"10":0.0,"11":0.0,"12":0.0,"13":0.0,"14":0.0,"15":0.0,"16":0.0,"17":0.0,"18":0.0,"19":36795755440.2303009033},"Over 1.5 year and upto 2 years":{"0":null,"1":0.0,"2":962914579.5399999619,"3":20000000000.0,"4":4350000000.0,"5":10142131243.3899993896,"6":0.0,"7":6124928827.4977397919,"8":1340583884.6825199127,"9":0.0,"10":0.0,"11":0.0,"12":0.0,"13":0.0,"14":0.0,"15":0.0,"16":0.0,"17":0.0,"18":0.0,"19":42920558535.1102981567},"Over 2 years and upto 3 years":{"0":0.0,"1":0.0,"2":0.0,"3":80000000000.0,"4":13800000000.0,"5":249344020.0399999917,"6":0.0,"7":26195631462.7069015503,"8":2422167267.3174700737,"9":0.0,"10":0.0,"11":0.0,"12":0.0,"13":0.0,"14":0.0,"15":0.0,"16":0.0,"17":0.0,"18":0.0,"19":122667142750.0639953613},"Over 3 years and upto 4 years":{"0":0.0,"1":0.0,"2":0.0,"3":0.0,"4":0.0,"5":39949432.8800000027,"6":0.0,"7":0.0,"8":0.0,"9":0.0,"10":0.0,"11":0.0,"12":0.0,"13":0.0,"14":0.0,"15":0.0,"16":0.0,"17":0.0,"18":0.0,"19":39949432.8800000027},"Over 4 years and up to 5 years":{"0":0.0,"1":0.0,"2":0.0,"3":0.0,"4":0.0,"5":9934674.9800000004,"6":0.0,"7":0.0,"8":0.0,"9":0.0,"10":0.0,"11":0.0,"12":0.0,"13":0.0,"14":0.0,"15":0.0,"16":0.0,"17":0.0,"18":0.0,"19":9934674.9800000004},"Over 5 years and upto 6 years":{"0":0,"1":0,"2":0,"3":0,"4":0,"5":0,"6":0,"7":0,"8":0,"9":0,"10":0,"11":0,"12":0,"13":0,"14":0,"15":0,"16":0,"17":0,"18":0,"19":0},"Over 6 years and upto 7 years":{"0":null,"1":0.0,"2":0.0,"3":0.0,"4":0.0,"5":0.0,"6":0.0,"7":0.0,"8":0.0,"9":0.0,"10":0.0,"11":0.0,"12":0.0,"13":0.0,"14":0.0,"15":0.0,"16":0.0,"17":0.0,"18":0.0,"19":0.0},"Over 7 years and upto 8 years":{"0":0,"1":0,"2":0,"3":0,"4":0,"5":0,"6":0,"7":0,"8":0,"9":0,"10":0,"11":0,"12":0,"13":0,"14":0,"15":0,"16":0,"17":0,"18":0,"19":0},"Over 8 years and upto 9 years":{"0":0,"1":0,"2":0,"3":0,"4":0,"5":0,"6":0,"7":0,"8":0,"9":0,"10":0,"11":0,"12":0,"13":0,"14":0,"15":0,"16":0,"17":0,"18":0,"19":0},"Over 9 years and upto 10 years":{"0":null,"1":null,"2":null,"3":0.0,"4":0.0,"5":null,"6":null,"7":0.0,"8":0.0,"9":null,"10":null,"11":null,"12":null,"13":null,"14":null,"15":null,"16":null,"17":null,"18":null,"19":0.0},"Over 10 years and upto 15 years":{"0":null,"1":null,"2":null,"3":0.0,"4":0.0,"5":null,"6":null,"7":0.0,"8":0.0,"9":null,"10":null,"11":null,"12":null,"13":null,"14":null,"15":null,"16":null,"17":null,"18":null,"19":0.0},"Over 15 years and upto 20 years":{"0":null,"1":null,"2":null,"3":0.0,"4":0.0,"5":null,"6":null,"7":0.0,"8":0.0,"9":null,"10":null,"11":null,"12":null,"13":null,"14":null,"15":null,"16":null,"17":null,"18":null,"19":0.0},"Over 20 years":{"0":null,"1":null,"2":null,"3":0.0,"4":0.0,"5":null,"6":null,"7":0.0,"8":0.0,"9":null,"10":null,"11":null,"12":null,"13":null,"14":null,"15":null,"16":null,"17":null,"18":null,"19":0.0},"Non-Sensitive":{"0":1000689633.0,"1":9387671467.0,"2":8793323942.0,"3":null,"4":null,"5":41824252401.0400009155,"6":38462474.6799999997,"7":-24486450838.9300003052,"8":null,"9":6643331516.8599996567,"10":465747697.0,"11":0.0,"12":3143940500.0,"13":0.0,"14":0.0,"15":0.0,"16":0.0,"17":0.0,"18":0.0,"19":46810968792.6500015259},"Total":{"0":1000689633.0,"1":9387671467.0,"2":87303323942.0,"3":30815592480.2299995422,"4":null,"5":275317231281.2299804688,"6":34306287561.5600013733,"7":63354653445.1500015259,"8":0.0,"9":17209675428.7000007629,"10":465747697.0,"11":0.0,"12":3143940500.0,"13":0.0,"14":0.0,"15":0.0,"16":0.0,"17":0.0,"18":0.0,"19":522304813435.8699951172},"Sensitive Total":{"0":0.0,"1":0.0,"2":78510000000.0,"3":30815592480.2299995422,"4":30815592480.2299995422,"5":233492978880.1900024414,"6":34267825086.8800010681,"7":87841104284.0800018311,"8":null,"9":10566343911.8400001526,"10":0.0,"11":0.0,"12":0.0,"13":0.0,"14":0.0,"15":0.0,"16":0.0,"17":0.0,"18":0.0,"19":506309437123.450012207}}